Andong,안동시
Ansan,안산시
Anseong,안성시
Anyang,안양시
Asan,아산시
Boryeong,보령시
Bucheon,부천시
Busan,부산광역시
Changwon,창원시
Cheonan,천안시
Cheongju,청주시
Chuncheon,춘천시
Chungju,충주시
Daegu,대구광역시
Daejeon,대전광역시
Dangjin,당진시
Dongducheon,동두천시
Donghae,동해시
Gangneung,강릉시
Geoje,거제시
Gimcheon,김천시
Gimhae,김해시
Gimje,김제시
Gimpo,김포시
Gongju,공주시
Goyang,고양시
Gumi,구미시
Gunpo,군포시
Gunsan,군산시
Guri,구리시
Gwacheon,과천시
Gwangju,광주광역시
Gwangju,광주시
Gwangmyeong,광명시
Gwangyang,광양시
Gyeongju,경주시
Gyeongsan,경산시
Gyeryong,계룡시
Hanam,하남시
Hwaseong,화성시
Icheon,이천시
Iksan,익산시
Incheon,인천광역시
Jecheon,제천시
Jeongeup,정읍시
Jeonju,전주시
Jeju,제주시
Jinju,진주시
Naju,나주시
Namyangju,남양주시
Namwon,남원시
Nonsan,논산시
Miryang,밀양시
Mokpo,목포시
Mungyeong,문경시
Osan,오산시
Paju,파주시
Pocheon,포천시
Pohang,포항시
Pyeongtaek,평택시
Sacheon,사천시
Sangju,상주시
Samcheok,삼척시
Sejong,세종특별자치시
Seogwipo,서귀포시
Seongnam,성남시
Seosan,서산시
Seoul,서울특별시
Siheung,시흥시
Sokcho,속초시
Suncheon,순천시
Suwon,수원시
Taebaek,태백시
Tongyeong,통영시
Uijeongbu,의정부시
Uiwang,의왕시
Ulsan,울산광역시
Wonju,원주시
Yangju,양주시
Yangsan,양산시
Yeoju,여주시
Yeongcheon,영천시
Yeongju,영주시
Yeosu,여수시
Yongin,용인시